{"loss": [1.4844377040863037, 0.47084084153175354], "accuracy": [0.5673518776893616, 0.8508570790290833], "val_loss": [0.525185227394104, 0.31050971150398254], "val_accuracy": [0.8385499715805054, 0.8989301323890686]}